"id","name","salePriceU","subjectId","feedbacks","rating"
"36095237","Игрушки антистресс круглый","20200","2547","1","5"
"35254198","Шапочки для душа","99500","2839","1","5"
"73159325","Грунты для растений Удобрение универсальное / удобрение для овощей","29400","1763","0","0"
"26916245","подушка для путешествий для шеи надувная","31300","2267","104","5"
"37250821","Дождевик","34500","1631","0","0"
"41240346","Наборы инструментов 8 шт.","39600","655","3","5"
"61998024","Адаптеры","39900","526","4","2"
"104589547","Фонари спортивные для спорта и активного отдыха / аккумуляторный","45900","504","0","0"
"58304894","Пистолеты-маркираторы","54500","3989","6","4"
"58299659","Насадки на кран","72800","1497","14","4"
"51155647","FM-трансмиттеры","77000","764","1","5"
"104595001","Фонари спортивные аккумуляторный","81200","504","0","0"
"36017431","Знак аварийной остановки","89900","2265","0","0"
"104592877","Фонари спортивные налобный","91000","504","0","0"
"67001449","Косметичка","19600","305","2","5"
"78459146","Косметичка","24800","305","0","0"
"78459145","Косметичка","24800","305","0","0"
"78459149","Косметичка","24800","305","0","0"
"78459147","Косметичка","24800","305","0","0"
"78459148","Косметичка","24800","305","0","0"
"113285389","Чехол для ноутбука","48500","1357","1","5"
"113280891","Чехол для ноутбука","48500","1357","1","5"
"113283691","Чехол для ноутбука","56200","1357","1","2"
"113267258","Папка-сумка","56200","531","2","5"
"113285948","Чехол для ноутбука","72700","1357","0","0"
"86008812","Эрекционное кольцо","36700","5090","0","0"
"35877177","Шпажки-шампуры деревянные 30 см","18000","1804","195","4"
"73367565","Одноразовая посуда / одноразовые контейнеры / 250 мл / 20 шт.","18500","1833","41","5"
"73368180","Одноразовая посуда / одноразовые контейнеры / 350 мл / 20 шт.","19600","1833","37","5"
"95781477","Шпажки для канапе Призма 9см 100шт","22000","1804","19","4"
"73367098","Шпажки для канапе Призма 9см 100шт","22000","1804","19","4"
"66098753","Трубочки для коктейлей с изгибом черные 21 см 5 мм 250 шт","22200","1774","30","4"
"35021442","Трубочки для коктейлей с изгибом черные 21 см 5 мм 250 шт","22200","1774","30","4"
"35023645","Трубочки для коктейлей, 250 шт","22200","1774","10","4"
"96569743","Одноразовая посуда / одноразовый контейнер / 500 мл / 20 шт.","22400","1833","2","5"
"96568823","Одноразовая посуда / Контейнер пластиковый одноразовый / 500 мл / 10 контейнеров с крышкой","22400","1833","3","4"
"35041876","Пакеты упаковочные крафт-бумага","22500","3756","82","5"
"62869927","Пакеты упаковочные крафт-бумага","22700","3756","4","5"
"96571773","Пленка пищевая 30см х 200 м, упаковочная","22800","2552","1","5"
"96570042","Одноразовая посуда / одноразовый контейнер с крышкой, супница / 375 мл / 10 контейнеров с крышкой","22800","1833","0","0"
"48728237","Пакеты упаковочные крафт-бумага","24000","3756","19","5"
"98961633","Пакеты упаковочные крафт-бумага","24700","3756","67","5"
"72046098","Пакеты упаковочные крафт-бумага","24900","3756","19","5"
"87655073","Одноразовая посуда / одноразовый контейнер с крышкой, супница / 500 мл / 10 контейнеров с крышкой","25200","1833","9","5"
"35042675","Пакеты упаковочные крафт-бумага","25500","3756","67","5"
"73368604","Одноразовая посуда / одноразовый контейнер / 500 мл / 20 шт.","26000","1833","2","5"
"35041199","Одноразовая посуда Вилка одноразовая пластиковая / 50 шт.","26000","1833","30","5"
"35040776","Одноразовая посуда Вилка одноразовая пластиковая / 50 шт.","26000","1833","28","5"
"87649861","Одноразовая посуда Ложка одноразовая пластиковая / 50 шт","28300","1833","1","5"
"96572044","Пленка пищевая 30см х 300 м, упаковочная","28600","2552","0","0"
"94398261","Одноразовая посуда / Контейнер пластиковый одноразовый / 500 мл / 25 шт.","29500","1833","0","0"
"99157702","Одноразовая посуда / Контейнер пластиковый одноразовый / 500 мл / 25 шт.","29500","1833","0","0"
"99556666","Пакеты упаковочные крафт-бумага","29600","3756","2","5"
"71861167","Одноразовая посуда / соусники / 30 мл / 80 шт.","29900","1833","30","5"
"99556665","Пакеты упаковочные крафт-бумага","30400","3756","2","5"
"87650648","Одноразовая посуда Ложка одноразовая пластиковая / 50 шт","30400","1833","2","4"
"96559810","Одноразовая посуда / соусники / 30 мл / 80 шт.","30500","1833","30","5"
"94414112","Одноразовая посуда / Контейнер пластиковый одноразовый / 750 мл / 25 шт.","31300","1833","2","5"
"99156370","Одноразовая посуда / Контейнер пластиковый одноразовый / 750 мл / 25 шт.","31300","1833","2","5"
"35875883","Шпажки деревянные Узелки бамбуковые пики для канапе 9 см 100 шт","32000","1804","232","5"
"66095950","Стаканы бумага / 250 мл / 50 шт.","34200","873","12","5"
"61299892","Стаканы бумага / 250 мл / 50 шт.","34200","873","12","5"
"35044178","Пакеты упаковочные крафт-бумага","34300","3756","20","5"
"73186317","Одноразовая посуда / соусники с крышкой / 50 мл / 80 шт.","34300","1833","15","5"
"61296789","Стаканы бумага / 250 мл / 50 шт.","34400","873","48","5"
"72048953","Стаканы бумага / 250 мл / 50 шт.","34400","873","8","5"
"62520129","Стаканы бумага / 250 мл / 50 шт.","34400","873","48","5"
"66076612","Стаканы бумага / 250 мл / 50 шт.","34400","873","48","5"
"35879811","Стаканы бумага / 250 мл / 50 шт.","34400","873","48","5"
"71392007","Стаканы бумага / 250 мл / 50 шт.","34400","873","8","5"
"71843984","Одноразовая посуда одноразовые тарелки, бумажные тарелки / 50 шт","35200","1833","2","5"
"35881136","Стаканы бумага / 250 мл / 50 шт.","36900","873","12","5"
"73186437","Одноразовая посуда / соусники / 80 мл / 80 шт","44100","1833","5","5"
"85398691","Этикетки 58 x 40 мм / 3 рулона","62400","2724","4","5"
"66433979","Подставки для мобильных устройств","54000","3095","0","0"
"66435568","Подставки для мобильных устройств","54000","3095","1","5"
"42045373","Подсвечник и подставка для мобильного устройства в одном подарке, из дерева","54000","3095","1","5"
"40473256","Подставка для мобильного устройства из дерева","54000","3095","2","5"
"40461708","Подсвечник/Набор подсвечников 3 шт  из дерева.","59400","272","0","0"
"34344035","Леска для триммера","10400","1535","0","0"
"47495260","Носки Носки женские с новогодним принтом","16000","212","0","0"
"47488004","Носки Носки женские с новогодним принтом","16000","212","0","0"
"47493854","Носки Носки женские с новогодним принтом","16000","212","0","0"
"28207154","Игрушки антистресс Поп ит / Попит / Pop it / Интистресс / Симпл Димпл","17600","2547","0","0"
"45330587","брелок","20000","297","0","0"
"44212364","Серьги","24000","203","0","0"
"53165964","Елочные украшения на елку подвесное, украшение для дома","24000","262","0","0"
"59876957","Серьги","28000","203","0","0"
"59861185","Серьги","28000","203","0","0"
"43941205","Серьги","28000","203","0","0"
"51538454","Кисть для нанесения масок-крема на лицо","28500","437","0","0"
"44188346","Серьги","32000","203","0","0"
"53164497","Елочные украшения на елку подвесное коллекционное","32000","262","0","0"
"53231097","Набор для выращивания растений","32000","1349","0","0"
"42641265","Серьги","32000","203","0","0"
"53208714","Серьги","32000","203","0","0"
"42641608","Серьги","32000","203","0","0"
"44184589","Серьги","32000","203","1","5"
"66108849","Серьги","35000","203","0","0"
"59879584","щетка для чистки шерсти","36000","1117","0","0"
"44187487","Цепочка ювелирная бижутерия","40000","2279","1","5"
"94584966","Маски косметические","40000","360","0","0"
"27170457","Ведра садовые / 3 л","40000","2371","4","4"
"62793631","Цепочка","44000","301","0","0"
"87139103","Бейсболки СПОРТИВНАЯ ПОВСЕДНЕВНАЯ ФИТНЕС","45000","84","0","0"
"87136628","Велосипедки","45000","3835","0","0"
"66350096","Мягкие игрушки Брелок-антистресс","48000","268","0","0"
"66349699","Мягкие игрушки Брелок-антистресс","48000","268","0","0"
"67493808","Цепочка","50000","301","0","0"
"67492957","Цепочка","50000","301","1","3"
"35761513","Тренога костровая","50400","6003","0","0"
"45334544","Головоломки Головоломка Шар","54400","1065","0","0"
"45528662","Укрывной материал для растений Укрывной материал для растений на зиму","56000","2783","0","0"
"48477382","Серьги","56000","203","1","5"
"48474044","Серьги","56000","203","0","0"
"48476722","Серьги","56000","203","